table,seq,column,is_pk,is_fk,id,type,size,description,d_has_codes
labor_input,1,id,1,,t0elTsAucL01,INTEGER,,Total labor input,
labor_input,2,year,,,c0elTsAucL01002,INTEGER,4,Year,
labor_input,3,al,,,c0elTsAucL01003,REAL,,AL,
labor_input,4,ar,,,c0elTsAucL01004,REAL,,AR,
labor_input,5,az,,,c0elTsAucL01005,REAL,,AZ,
labor_input,6,ca,,,c0elTsAucL01006,REAL,,CA,
labor_input,7,co,,,c0elTsAucL01007,REAL,,CO,
labor_input,8,ct,,,c0elTsAucL01008,REAL,,CT,
labor_input,9,de,,,c0elTsAucL01009,REAL,,DE,
labor_input,10,fl,,,c0elTsAucL0100a,REAL,,FL,
labor_input,11,ga,,,c0elTsAucL0100b,REAL,,GA,
labor_input,12,ia,,,c0elTsAucL0100c,REAL,,IA,
labor_input,13,idaho,,,c0elTsAucL0100d,REAL,,ID,
labor_input,14,il,,,c0elTsAucL0100e,REAL,,IL,
labor_input,15,in,,,c0elTsAucL0100f,REAL,,IN,
labor_input,16,ks,,,c0elTsAucL0100g,REAL,,KS,
labor_input,17,ky,,,c0elTsAucL0100h,REAL,,KY,
labor_input,18,la,,,c0elTsAucL0100i,REAL,,LA,
labor_input,19,ma,,,c0elTsAucL0100j,REAL,,MA,
labor_input,20,md,,,c0elTsAucL0100k,REAL,,MD,
labor_input,21,me,,,c0elTsAucL0100l,REAL,,ME,
labor_input,22,mi,,,c0elTsAucL0100m,REAL,,MI,
labor_input,23,mn,,,c0elTsAucL0100n,REAL,,MN,
labor_input,24,mo,,,c0elTsAucL0100o,REAL,,MO,
labor_input,25,ms,,,c0elTsAucL0100p,REAL,,MS,
labor_input,26,mt,,,c0elTsAucL0100q,REAL,,MT,
labor_input,27,nc,,,c0elTsAucL0100r,REAL,,NC,
labor_input,28,nd,,,c0elTsAucL0100s,REAL,,ND,
labor_input,29,ne,,,c0elTsAucL0100t,REAL,,NE,
labor_input,30,nh,,,c0elTsAucL0100u,REAL,,NH,
labor_input,31,nj,,,c0elTsAucL0100v,REAL,,NJ,
labor_input,32,nm,,,c0elTsAucL0100w,REAL,,NM,
labor_input,33,nv,,,c0elTsAucL0100x,REAL,,NV,
labor_input,34,ny,,,c0elTsAucL0100y,REAL,,NY,
labor_input,35,oh,,,c0elTsAucL0100z,REAL,,OH,
labor_input,36,ok,,,c0elTsAucL0100A,REAL,,OK,
labor_input,37,or,,,c0elTsAucL0100B,REAL,,OR,
labor_input,38,pa,,,c0elTsAucL0100C,REAL,,PA,
labor_input,39,ri,,,c0elTsAucL0100D,REAL,,RI,
labor_input,40,sc,,,c0elTsAucL0100E,REAL,,SC,
labor_input,41,sd,,,c0elTsAucL0100F,REAL,,SD,
labor_input,42,tn,,,c0elTsAucL0100G,REAL,,TN,
labor_input,43,tx,,,c0elTsAucL0100H,REAL,,TX,
labor_input,44,ut,,,c0elTsAucL0100I,REAL,,UT,
labor_input,45,va,,,c0elTsAucL0100J,REAL,,VA,
labor_input,46,vt,,,c0elTsAucL0100K,REAL,,VT,
labor_input,47,wa,,,c0elTsAucL0100L,REAL,,WA,
labor_input,48,wi,,,c0elTsAucL0100M,REAL,,WI,
labor_input,49,wv,,,c0elTsAucL0100N,REAL,,WV,
labor_input,50,wy,,,c0elTsAucL0100O,REAL,,WY,
,,,,,,,,,
chemical_input,1,id,1,,t0elTsAucL02,INTEGER,,Agricultural chemical input,
chemical_input,2,year,,,c0elTsAucL02002,INTEGER,4,Year,
chemical_input,3,al,,,c0elTsAucL02003,REAL,,AL,
chemical_input,4,ar,,,c0elTsAucL02004,REAL,,AR,
chemical_input,5,az,,,c0elTsAucL02005,REAL,,AZ,
chemical_input,6,ca,,,c0elTsAucL02006,REAL,,CA,
chemical_input,7,co,,,c0elTsAucL02007,REAL,,CO,
chemical_input,8,ct,,,c0elTsAucL02008,REAL,,CT,
chemical_input,9,de,,,c0elTsAucL02009,REAL,,DE,
chemical_input,10,fl,,,c0elTsAucL0200a,REAL,,FL,
chemical_input,11,ga,,,c0elTsAucL0200b,REAL,,GA,
chemical_input,12,ia,,,c0elTsAucL0200c,REAL,,IA,
chemical_input,13,idaho,,,c0elTsAucL0200d,REAL,,ID,
chemical_input,14,il,,,c0elTsAucL0200e,REAL,,IL,
chemical_input,15,in,,,c0elTsAucL0200f,REAL,,IN,
chemical_input,16,ks,,,c0elTsAucL0200g,REAL,,KS,
chemical_input,17,ky,,,c0elTsAucL0200h,REAL,,KY,
chemical_input,18,la,,,c0elTsAucL0200i,REAL,,LA,
chemical_input,19,ma,,,c0elTsAucL0200j,REAL,,MA,
chemical_input,20,md,,,c0elTsAucL0200k,REAL,,MD,
chemical_input,21,me,,,c0elTsAucL0200l,REAL,,ME,
chemical_input,22,mi,,,c0elTsAucL0200m,REAL,,MI,
chemical_input,23,mn,,,c0elTsAucL0200n,REAL,,MN,
chemical_input,24,mo,,,c0elTsAucL0200o,REAL,,MO,
chemical_input,25,ms,,,c0elTsAucL0200p,REAL,,MS,
chemical_input,26,mt,,,c0elTsAucL0200q,REAL,,MT,
chemical_input,27,nc,,,c0elTsAucL0200r,REAL,,NC,
chemical_input,28,nd,,,c0elTsAucL0200s,REAL,,ND,
chemical_input,29,ne,,,c0elTsAucL0200t,REAL,,NE,
chemical_input,30,nh,,,c0elTsAucL0200u,REAL,,NH,
chemical_input,31,nj,,,c0elTsAucL0200v,REAL,,NJ,
chemical_input,32,nm,,,c0elTsAucL0200w,REAL,,NM,
chemical_input,33,nv,,,c0elTsAucL0200x,REAL,,NV,
chemical_input,34,ny,,,c0elTsAucL0200y,REAL,,NY,
chemical_input,35,oh,,,c0elTsAucL0200z,REAL,,OH,
chemical_input,36,ok,,,c0elTsAucL0200A,REAL,,OK,
chemical_input,37,or,,,c0elTsAucL0200B,REAL,,OR,
chemical_input,38,pa,,,c0elTsAucL0200C,REAL,,PA,
chemical_input,39,ri,,,c0elTsAucL0200D,REAL,,RI,
chemical_input,40,sc,,,c0elTsAucL0200E,REAL,,SC,
chemical_input,41,sd,,,c0elTsAucL0200F,REAL,,SD,
chemical_input,42,tn,,,c0elTsAucL0200G,REAL,,TN,
chemical_input,43,tx,,,c0elTsAucL0200H,REAL,,TX,
chemical_input,44,ut,,,c0elTsAucL0200I,REAL,,UT,
chemical_input,45,va,,,c0elTsAucL0200J,REAL,,VA,
chemical_input,46,vt,,,c0elTsAucL0200K,REAL,,VT,
chemical_input,47,wa,,,c0elTsAucL0200L,REAL,,WA,
chemical_input,48,wi,,,c0elTsAucL0200M,REAL,,WI,
chemical_input,49,wv,,,c0elTsAucL0200N,REAL,,WV,
chemical_input,50,wy,,,c0elTsAucL0200O,REAL,,WY,
chemical_input,51,column49,,,c0elTsAucL0200P,VARCHAR,0,,
chemical_input,52,column50,,,c0elTsAucL0200Q,VARCHAR,0,,
chemical_input,53,column51,,,c0elTsAucL0200R,VARCHAR,0,,
chemical_input,54,column52,,,c0elTsAucL0200S,VARCHAR,0,,
chemical_input,55,column53,,,c0elTsAucL0200T,VARCHAR,0,,
chemical_input,56,column54,,,c0elTsAucL0200U,VARCHAR,0,,
chemical_input,57,column55,,,c0elTsAucL0200V,VARCHAR,0,,
chemical_input,58,column56,,,c0elTsAucL0200W,VARCHAR,0,,
chemical_input,59,column57,,,c0elTsAucL0200X,VARCHAR,0,,
chemical_input,60,column58,,,c0elTsAucL0200Y,VARCHAR,0,,
chemical_input,61,column59,,,c0elTsAucL0200Z,VARCHAR,0,,
chemical_input,62,column60,,,c0elTsAucL02010,VARCHAR,0,,
chemical_input,63,column61,,,c0elTsAucL02011,VARCHAR,0,,
chemical_input,64,column62,,,c0elTsAucL02012,VARCHAR,0,,
chemical_input,65,column63,,,c0elTsAucL02013,VARCHAR,0,,
chemical_input,66,column64,,,c0elTsAucL02014,VARCHAR,0,,
,,,,,,,,,
other_inputs,1,id,1,,t0elTsAucL03,INTEGER,,Other intermediate inputs,
other_inputs,2,year,,,c0elTsAucL03002,INTEGER,4,Year,
other_inputs,3,al,,,c0elTsAucL03003,REAL,,AL,
other_inputs,4,ar,,,c0elTsAucL03004,REAL,,AR,
other_inputs,5,az,,,c0elTsAucL03005,REAL,,AZ,
other_inputs,6,ca,,,c0elTsAucL03006,REAL,,CA,
other_inputs,7,co,,,c0elTsAucL03007,REAL,,CO,
other_inputs,8,ct,,,c0elTsAucL03008,REAL,,CT,
other_inputs,9,de,,,c0elTsAucL03009,REAL,,DE,
other_inputs,10,fl,,,c0elTsAucL0300a,REAL,,FL,
other_inputs,11,ga,,,c0elTsAucL0300b,REAL,,GA,
other_inputs,12,ia,,,c0elTsAucL0300c,REAL,,IA,
other_inputs,13,idaho,,,c0elTsAucL0300d,REAL,,ID,
other_inputs,14,il,,,c0elTsAucL0300e,REAL,,IL,
other_inputs,15,in,,,c0elTsAucL0300f,REAL,,IN,
other_inputs,16,ks,,,c0elTsAucL0300g,REAL,,KS,
other_inputs,17,ky,,,c0elTsAucL0300h,REAL,,KY,
other_inputs,18,la,,,c0elTsAucL0300i,REAL,,LA,
other_inputs,19,ma,,,c0elTsAucL0300j,REAL,,MA,
other_inputs,20,md,,,c0elTsAucL0300k,REAL,,MD,
other_inputs,21,me,,,c0elTsAucL0300l,REAL,,ME,
other_inputs,22,mi,,,c0elTsAucL0300m,REAL,,MI,
other_inputs,23,mn,,,c0elTsAucL0300n,REAL,,MN,
other_inputs,24,mo,,,c0elTsAucL0300o,REAL,,MO,
other_inputs,25,ms,,,c0elTsAucL0300p,REAL,,MS,
other_inputs,26,mt,,,c0elTsAucL0300q,REAL,,MT,
other_inputs,27,nc,,,c0elTsAucL0300r,REAL,,NC,
other_inputs,28,nd,,,c0elTsAucL0300s,REAL,,ND,
other_inputs,29,ne,,,c0elTsAucL0300t,REAL,,NE,
other_inputs,30,nh,,,c0elTsAucL0300u,REAL,,NH,
other_inputs,31,nj,,,c0elTsAucL0300v,REAL,,NJ,
other_inputs,32,nm,,,c0elTsAucL0300w,REAL,,NM,
other_inputs,33,nv,,,c0elTsAucL0300x,REAL,,NV,
other_inputs,34,ny,,,c0elTsAucL0300y,REAL,,NY,
other_inputs,35,oh,,,c0elTsAucL0300z,REAL,,OH,
other_inputs,36,ok,,,c0elTsAucL0300A,REAL,,OK,
other_inputs,37,or,,,c0elTsAucL0300B,REAL,,OR,
other_inputs,38,pa,,,c0elTsAucL0300C,REAL,,PA,
other_inputs,39,ri,,,c0elTsAucL0300D,REAL,,RI,
other_inputs,40,sc,,,c0elTsAucL0300E,REAL,,SC,
other_inputs,41,sd,,,c0elTsAucL0300F,REAL,,SD,
other_inputs,42,tn,,,c0elTsAucL0300G,REAL,,TN,
other_inputs,43,tx,,,c0elTsAucL0300H,REAL,,TX,
other_inputs,44,ut,,,c0elTsAucL0300I,REAL,,UT,
other_inputs,45,va,,,c0elTsAucL0300J,REAL,,VA,
other_inputs,46,vt,,,c0elTsAucL0300K,REAL,,VT,
other_inputs,47,wa,,,c0elTsAucL0300L,REAL,,WA,
other_inputs,48,wi,,,c0elTsAucL0300M,REAL,,WI,
other_inputs,49,wv,,,c0elTsAucL0300N,REAL,,WV,
other_inputs,50,wy,,,c0elTsAucL0300O,REAL,,WY,
other_inputs,51,column49,,,c0elTsAucL0300P,VARCHAR,0,,
other_inputs,52,column50,,,c0elTsAucL0300Q,REAL,,,
other_inputs,53,column51,,,c0elTsAucL0300R,VARCHAR,0,,
other_inputs,54,column52,,,c0elTsAucL0300S,VARCHAR,0,,
other_inputs,55,column53,,,c0elTsAucL0300T,VARCHAR,0,,
other_inputs,56,column54,,,c0elTsAucL0300U,VARCHAR,0,,
other_inputs,57,column55,,,c0elTsAucL0300V,VARCHAR,0,,
other_inputs,58,column56,,,c0elTsAucL0300W,VARCHAR,0,,
other_inputs,59,column57,,,c0elTsAucL0300X,VARCHAR,0,,
other_inputs,60,column58,,,c0elTsAucL0300Y,VARCHAR,0,,
other_inputs,61,column59,,,c0elTsAucL0300Z,VARCHAR,0,,
other_inputs,62,column60,,,c0elTsAucL03010,VARCHAR,0,,
other_inputs,63,column61,,,c0elTsAucL03011,VARCHAR,0,,
other_inputs,64,column62,,,c0elTsAucL03012,VARCHAR,0,,
other_inputs,65,column63,,,c0elTsAucL03013,VARCHAR,0,,
other_inputs,66,column64,,,c0elTsAucL03014,VARCHAR,0,,
,,,,,,,,,
crop_output,1,id,1,,t0elTsAucL04,INTEGER,,Crop output,
crop_output,2,year,,,c0elTsAucL04002,INTEGER,4,Year,
crop_output,3,al,,,c0elTsAucL04003,REAL,,AL,
crop_output,4,ar,,,c0elTsAucL04004,REAL,,AR,
crop_output,5,az,,,c0elTsAucL04005,REAL,,AZ,
crop_output,6,ca,,,c0elTsAucL04006,REAL,,CA,
crop_output,7,co,,,c0elTsAucL04007,REAL,,CO,
crop_output,8,ct,,,c0elTsAucL04008,REAL,,CT,
crop_output,9,de,,,c0elTsAucL04009,REAL,,DE,
crop_output,10,fl,,,c0elTsAucL0400a,REAL,,FL,
crop_output,11,ga,,,c0elTsAucL0400b,REAL,,GA,
crop_output,12,ia,,,c0elTsAucL0400c,REAL,,IA,
crop_output,13,idaho,,,c0elTsAucL0400d,REAL,,ID,
crop_output,14,il,,,c0elTsAucL0400e,REAL,,IL,
crop_output,15,in,,,c0elTsAucL0400f,REAL,,IN,
crop_output,16,ks,,,c0elTsAucL0400g,REAL,,KS,
crop_output,17,ky,,,c0elTsAucL0400h,REAL,,KY,
crop_output,18,la,,,c0elTsAucL0400i,REAL,,LA,
crop_output,19,ma,,,c0elTsAucL0400j,REAL,,MA,
crop_output,20,md,,,c0elTsAucL0400k,REAL,,MD,
crop_output,21,me,,,c0elTsAucL0400l,REAL,,ME,
crop_output,22,mi,,,c0elTsAucL0400m,REAL,,MI,
crop_output,23,mn,,,c0elTsAucL0400n,REAL,,MN,
crop_output,24,mo,,,c0elTsAucL0400o,REAL,,MO,
crop_output,25,ms,,,c0elTsAucL0400p,REAL,,MS,
crop_output,26,mt,,,c0elTsAucL0400q,REAL,,MT,
crop_output,27,nc,,,c0elTsAucL0400r,REAL,,NC,
crop_output,28,nd,,,c0elTsAucL0400s,REAL,,ND,
crop_output,29,ne,,,c0elTsAucL0400t,REAL,,NE,
crop_output,30,nh,,,c0elTsAucL0400u,REAL,,NH,
crop_output,31,nj,,,c0elTsAucL0400v,REAL,,NJ,
crop_output,32,nm,,,c0elTsAucL0400w,REAL,,NM,
crop_output,33,nv,,,c0elTsAucL0400x,REAL,,NV,
crop_output,34,ny,,,c0elTsAucL0400y,REAL,,NY,
crop_output,35,oh,,,c0elTsAucL0400z,REAL,,OH,
crop_output,36,ok,,,c0elTsAucL0400A,REAL,,OK,
crop_output,37,or,,,c0elTsAucL0400B,REAL,,OR,
crop_output,38,pa,,,c0elTsAucL0400C,REAL,,PA,
crop_output,39,ri,,,c0elTsAucL0400D,REAL,,RI,
crop_output,40,sc,,,c0elTsAucL0400E,REAL,,SC,
crop_output,41,sd,,,c0elTsAucL0400F,REAL,,SD,
crop_output,42,tn,,,c0elTsAucL0400G,REAL,,TN,
crop_output,43,tx,,,c0elTsAucL0400H,REAL,,TX,
crop_output,44,ut,,,c0elTsAucL0400I,REAL,,UT,
crop_output,45,va,,,c0elTsAucL0400J,REAL,,VA,
crop_output,46,vt,,,c0elTsAucL0400K,REAL,,VT,
crop_output,47,wa,,,c0elTsAucL0400L,REAL,,WA,
crop_output,48,wi,,,c0elTsAucL0400M,REAL,,WI,
crop_output,49,wv,,,c0elTsAucL0400N,REAL,,WV,
crop_output,50,wy,,,c0elTsAucL0400O,REAL,,WY,
,,,,,,,,,
output_growth,1,id,1,,t0elTsAucL05,INTEGER,,States ranked by level and growth of farm output,
output_growth,2,state,,,c0elTsAucL05002,VARCHAR,160,State,
output_growth,3,rank_in_2004,,,c0elTsAucL05003,INTEGER,2,Rank in 2004,
output_growth,4,level_in_2004,,,c0elTsAucL05004,REAL,,Level in 2004,
output_growth,5,rank_in_1960,,,c0elTsAucL05005,INTEGER,2,Rank in 1960,
output_growth,6,level_in_1960,,,c0elTsAucL05006,REAL,,Level in 1960,
output_growth,7,rank,,,c0elTsAucL05007,INTEGER,2,Rank,
output_growth,8,annual_growth,,,c0elTsAucL05008,REAL,,Annual growth (%),
,,,,,,,,,
capital_input,1,id,1,,t0elTsAucL06,INTEGER,,Capital input (excluding land),
capital_input,2,year,,,c0elTsAucL06002,INTEGER,4,Year,
capital_input,3,al,,,c0elTsAucL06003,REAL,,AL,
capital_input,4,ar,,,c0elTsAucL06004,REAL,,AR,
capital_input,5,az,,,c0elTsAucL06005,REAL,,AZ,
capital_input,6,ca,,,c0elTsAucL06006,REAL,,CA,
capital_input,7,co,,,c0elTsAucL06007,REAL,,CO,
capital_input,8,ct,,,c0elTsAucL06008,REAL,,CT,
capital_input,9,de,,,c0elTsAucL06009,REAL,,DE,
capital_input,10,fl,,,c0elTsAucL0600a,REAL,,FL,
capital_input,11,ga,,,c0elTsAucL0600b,REAL,,GA,
capital_input,12,ia,,,c0elTsAucL0600c,REAL,,IA,
capital_input,13,idaho,,,c0elTsAucL0600d,REAL,,ID,
capital_input,14,il,,,c0elTsAucL0600e,REAL,,IL,
capital_input,15,in,,,c0elTsAucL0600f,REAL,,IN,
capital_input,16,ks,,,c0elTsAucL0600g,REAL,,KS,
capital_input,17,ky,,,c0elTsAucL0600h,REAL,,KY,
capital_input,18,la,,,c0elTsAucL0600i,REAL,,LA,
capital_input,19,ma,,,c0elTsAucL0600j,REAL,,MA,
capital_input,20,md,,,c0elTsAucL0600k,REAL,,MD,
capital_input,21,me,,,c0elTsAucL0600l,REAL,,ME,
capital_input,22,mi,,,c0elTsAucL0600m,REAL,,MI,
capital_input,23,mn,,,c0elTsAucL0600n,REAL,,MN,
capital_input,24,mo,,,c0elTsAucL0600o,REAL,,MO,
capital_input,25,ms,,,c0elTsAucL0600p,REAL,,MS,
capital_input,26,mt,,,c0elTsAucL0600q,REAL,,MT,
capital_input,27,nc,,,c0elTsAucL0600r,REAL,,NC,
capital_input,28,nd,,,c0elTsAucL0600s,REAL,,ND,
capital_input,29,ne,,,c0elTsAucL0600t,REAL,,NE,
capital_input,30,nh,,,c0elTsAucL0600u,REAL,,NH,
capital_input,31,nj,,,c0elTsAucL0600v,REAL,,NJ,
capital_input,32,nm,,,c0elTsAucL0600w,REAL,,NM,
capital_input,33,nv,,,c0elTsAucL0600x,REAL,,NV,
capital_input,34,ny,,,c0elTsAucL0600y,REAL,,NY,
capital_input,35,oh,,,c0elTsAucL0600z,REAL,,OH,
capital_input,36,ok,,,c0elTsAucL0600A,REAL,,OK,
capital_input,37,or,,,c0elTsAucL0600B,REAL,,OR,
capital_input,38,pa,,,c0elTsAucL0600C,REAL,,PA,
capital_input,39,ri,,,c0elTsAucL0600D,REAL,,RI,
capital_input,40,sc,,,c0elTsAucL0600E,REAL,,SC,
capital_input,41,sd,,,c0elTsAucL0600F,REAL,,SD,
capital_input,42,tn,,,c0elTsAucL0600G,REAL,,TN,
capital_input,43,tx,,,c0elTsAucL0600H,REAL,,TX,
capital_input,44,ut,,,c0elTsAucL0600I,REAL,,UT,
capital_input,45,va,,,c0elTsAucL0600J,REAL,,VA,
capital_input,46,vt,,,c0elTsAucL0600K,REAL,,VT,
capital_input,47,wa,,,c0elTsAucL0600L,REAL,,WA,
capital_input,48,wi,,,c0elTsAucL0600M,REAL,,WI,
capital_input,49,wv,,,c0elTsAucL0600N,REAL,,WV,
capital_input,50,wy,,,c0elTsAucL0600O,REAL,,WY,
,,,,,,,,,
energy_input,1,id,1,,t0elTsAucL07,INTEGER,,Energy input,
energy_input,2,year,,,c0elTsAucL07002,INTEGER,4,Year,
energy_input,3,al,,,c0elTsAucL07003,REAL,,AL,
energy_input,4,ar,,,c0elTsAucL07004,REAL,,AR,
energy_input,5,az,,,c0elTsAucL07005,REAL,,AZ,
energy_input,6,ca,,,c0elTsAucL07006,REAL,,CA,
energy_input,7,co,,,c0elTsAucL07007,REAL,,CO,
energy_input,8,ct,,,c0elTsAucL07008,REAL,,CT,
energy_input,9,de,,,c0elTsAucL07009,REAL,,DE,
energy_input,10,fl,,,c0elTsAucL0700a,REAL,,FL,
energy_input,11,ga,,,c0elTsAucL0700b,REAL,,GA,
energy_input,12,ia,,,c0elTsAucL0700c,REAL,,IA,
energy_input,13,idaho,,,c0elTsAucL0700d,REAL,,ID,
energy_input,14,il,,,c0elTsAucL0700e,REAL,,IL,
energy_input,15,in,,,c0elTsAucL0700f,REAL,,IN,
energy_input,16,ks,,,c0elTsAucL0700g,REAL,,KS,
energy_input,17,ky,,,c0elTsAucL0700h,REAL,,KY,
energy_input,18,la,,,c0elTsAucL0700i,REAL,,LA,
energy_input,19,ma,,,c0elTsAucL0700j,REAL,,MA,
energy_input,20,md,,,c0elTsAucL0700k,REAL,,MD,
energy_input,21,me,,,c0elTsAucL0700l,REAL,,ME,
energy_input,22,mi,,,c0elTsAucL0700m,REAL,,MI,
energy_input,23,mn,,,c0elTsAucL0700n,REAL,,MN,
energy_input,24,mo,,,c0elTsAucL0700o,REAL,,MO,
energy_input,25,ms,,,c0elTsAucL0700p,REAL,,MS,
energy_input,26,mt,,,c0elTsAucL0700q,REAL,,MT,
energy_input,27,nc,,,c0elTsAucL0700r,REAL,,NC,
energy_input,28,nd,,,c0elTsAucL0700s,REAL,,ND,
energy_input,29,ne,,,c0elTsAucL0700t,REAL,,NE,
energy_input,30,nh,,,c0elTsAucL0700u,REAL,,NH,
energy_input,31,nj,,,c0elTsAucL0700v,REAL,,NJ,
energy_input,32,nm,,,c0elTsAucL0700w,REAL,,NM,
energy_input,33,nv,,,c0elTsAucL0700x,REAL,,NV,
energy_input,34,ny,,,c0elTsAucL0700y,REAL,,NY,
energy_input,35,oh,,,c0elTsAucL0700z,REAL,,OH,
energy_input,36,ok,,,c0elTsAucL0700A,REAL,,OK,
energy_input,37,or,,,c0elTsAucL0700B,REAL,,OR,
energy_input,38,pa,,,c0elTsAucL0700C,REAL,,PA,
energy_input,39,ri,,,c0elTsAucL0700D,REAL,,RI,
energy_input,40,sc,,,c0elTsAucL0700E,REAL,,SC,
energy_input,41,sd,,,c0elTsAucL0700F,REAL,,SD,
energy_input,42,tn,,,c0elTsAucL0700G,REAL,,TN,
energy_input,43,tx,,,c0elTsAucL0700H,REAL,,TX,
energy_input,44,ut,,,c0elTsAucL0700I,REAL,,UT,
energy_input,45,va,,,c0elTsAucL0700J,REAL,,VA,
energy_input,46,vt,,,c0elTsAucL0700K,REAL,,VT,
energy_input,47,wa,,,c0elTsAucL0700L,REAL,,WA,
energy_input,48,wi,,,c0elTsAucL0700M,REAL,,WI,
energy_input,49,wv,,,c0elTsAucL0700N,REAL,,WV,
energy_input,50,wy,,,c0elTsAucL0700O,REAL,,WY,
energy_input,51,column49,,,c0elTsAucL0700P,VARCHAR,0,,
energy_input,52,column50,,,c0elTsAucL0700Q,VARCHAR,0,,
energy_input,53,column51,,,c0elTsAucL0700R,VARCHAR,0,,
energy_input,54,column52,,,c0elTsAucL0700S,VARCHAR,0,,
energy_input,55,column53,,,c0elTsAucL0700T,VARCHAR,0,,
energy_input,56,column54,,,c0elTsAucL0700U,VARCHAR,0,,
energy_input,57,column55,,,c0elTsAucL0700V,VARCHAR,0,,
energy_input,58,column56,,,c0elTsAucL0700W,VARCHAR,0,,
energy_input,59,column57,,,c0elTsAucL0700X,VARCHAR,0,,
energy_input,60,column58,,,c0elTsAucL0700Y,VARCHAR,0,,
energy_input,61,column59,,,c0elTsAucL0700Z,VARCHAR,0,,
energy_input,62,column60,,,c0elTsAucL07010,VARCHAR,0,,
energy_input,63,column61,,,c0elTsAucL07011,VARCHAR,0,,
energy_input,64,column62,,,c0elTsAucL07012,VARCHAR,0,,
energy_input,65,column63,,,c0elTsAucL07013,VARCHAR,0,,
energy_input,66,column64,,,c0elTsAucL07014,VARCHAR,0,,
,,,,,,,,,
statepriceindicesandq,1,id,1,,t0elTsAucL08,INTEGER,,None,
statepriceindicesandq,2,column0,,,c0elTsAucL08002,VARCHAR,37,,
statepriceindicesandq,3,column1,,,c0elTsAucL08003,VARCHAR,40,,
statepriceindicesandq,4,1960_0,,,c0elTsAucL08004,REAL,,1960.0,
statepriceindicesandq,5,1961_0,,,c0elTsAucL08005,REAL,,1961.0,
statepriceindicesandq,6,1962_0,,,c0elTsAucL08006,REAL,,1962.0,
statepriceindicesandq,7,1963_0,,,c0elTsAucL08007,REAL,,1963.0,
statepriceindicesandq,8,1964_0,,,c0elTsAucL08008,REAL,,1964.0,
statepriceindicesandq,9,1965_0,,,c0elTsAucL08009,REAL,,1965.0,
statepriceindicesandq,10,1966_0,,,c0elTsAucL0800a,REAL,,1966.0,
statepriceindicesandq,11,1967_0,,,c0elTsAucL0800b,REAL,,1967.0,
statepriceindicesandq,12,1968_0,,,c0elTsAucL0800c,REAL,,1968.0,
statepriceindicesandq,13,1969_0,,,c0elTsAucL0800d,REAL,,1969.0,
statepriceindicesandq,14,1970_0,,,c0elTsAucL0800e,REAL,,1970.0,
statepriceindicesandq,15,1971_0,,,c0elTsAucL0800f,REAL,,1971.0,
statepriceindicesandq,16,1972_0,,,c0elTsAucL0800g,REAL,,1972.0,
statepriceindicesandq,17,1973_0,,,c0elTsAucL0800h,REAL,,1973.0,
statepriceindicesandq,18,1974_0,,,c0elTsAucL0800i,REAL,,1974.0,
statepriceindicesandq,19,1975_0,,,c0elTsAucL0800j,REAL,,1975.0,
statepriceindicesandq,20,1976_0,,,c0elTsAucL0800k,REAL,,1976.0,
statepriceindicesandq,21,1977_0,,,c0elTsAucL0800l,REAL,,1977.0,
statepriceindicesandq,22,1978_0,,,c0elTsAucL0800m,REAL,,1978.0,
statepriceindicesandq,23,1979_0,,,c0elTsAucL0800n,REAL,,1979.0,
statepriceindicesandq,24,1980_0,,,c0elTsAucL0800o,REAL,,1980.0,
statepriceindicesandq,25,1981_0,,,c0elTsAucL0800p,REAL,,1981.0,
statepriceindicesandq,26,1982_0,,,c0elTsAucL0800q,REAL,,1982.0,
statepriceindicesandq,27,1983_0,,,c0elTsAucL0800r,REAL,,1983.0,
statepriceindicesandq,28,1984_0,,,c0elTsAucL0800s,REAL,,1984.0,
statepriceindicesandq,29,1985_0,,,c0elTsAucL0800t,REAL,,1985.0,
statepriceindicesandq,30,1986_0,,,c0elTsAucL0800u,REAL,,1986.0,
statepriceindicesandq,31,1987_0,,,c0elTsAucL0800v,REAL,,1987.0,
statepriceindicesandq,32,1988_0,,,c0elTsAucL0800w,REAL,,1988.0,
statepriceindicesandq,33,1989_0,,,c0elTsAucL0800x,REAL,,1989.0,
statepriceindicesandq,34,1990_0,,,c0elTsAucL0800y,REAL,,1990.0,
statepriceindicesandq,35,1991_0,,,c0elTsAucL0800z,REAL,,1991.0,
statepriceindicesandq,36,1992_0,,,c0elTsAucL0800A,REAL,,1992.0,
statepriceindicesandq,37,1993_0,,,c0elTsAucL0800B,REAL,,1993.0,
statepriceindicesandq,38,1994_0,,,c0elTsAucL0800C,REAL,,1994.0,
statepriceindicesandq,39,1995_0,,,c0elTsAucL0800D,REAL,,1995.0,
statepriceindicesandq,40,1996_0,,,c0elTsAucL0800E,REAL,,1996.0,
statepriceindicesandq,41,1997_0,,,c0elTsAucL0800F,REAL,,1997.0,
statepriceindicesandq,42,1998_0,,,c0elTsAucL0800G,REAL,,1998.0,
statepriceindicesandq,43,1999_0,,,c0elTsAucL0800H,REAL,,1999.0,
statepriceindicesandq,44,2000_0,,,c0elTsAucL0800I,REAL,,2000.0,
statepriceindicesandq,45,2001_0,,,c0elTsAucL0800J,REAL,,2001.0,
statepriceindicesandq,46,2002_0,,,c0elTsAucL0800K,REAL,,2002.0,
statepriceindicesandq,47,2003_0,,,c0elTsAucL0800L,REAL,,2003.0,
statepriceindicesandq,48,2004_0,,,c0elTsAucL0800M,REAL,,2004.0,
,,,,,,,,,
growth_sources,1,id,1,,t0elTsAucL09,INTEGER,,"Sources of growth in the U.S. farm sector (average annual rates), 1948-2011. Includes decomposition into quantity and quality of inputs.",
growth_sources,2,column0,,,c0elTsAucL09002,VARCHAR,20,,
growth_sources,3,column1,,,c0elTsAucL09003,VARCHAR,25,,
growth_sources,4,column2,,,c0elTsAucL09004,VARCHAR,9,,
growth_sources,5,1948_2011,,,c0elTsAucL09005,REAL,,1948-2011,
growth_sources,6,1948_1953,,,c0elTsAucL09006,REAL,,1948-1953,
growth_sources,7,1953_1957,,,c0elTsAucL09007,REAL,,1953-1957,
growth_sources,8,1957_1960,,,c0elTsAucL09008,REAL,,1957-1960,
growth_sources,9,1960_1966,,,c0elTsAucL09009,REAL,,1960-1966,
growth_sources,10,1966_1969,,,c0elTsAucL0900a,REAL,,1966-1969,
growth_sources,11,1969_1973,,,c0elTsAucL0900b,REAL,,1969-1973,
growth_sources,12,1973_1979,,,c0elTsAucL0900c,REAL,,1973-1979,
growth_sources,13,1979_1981,,,c0elTsAucL0900d,REAL,,1979-1981,
growth_sources,14,1981_1990,,,c0elTsAucL0900e,REAL,,1981-1990,
growth_sources,15,1990_2000,,,c0elTsAucL0900f,REAL,,1990-2000,
growth_sources,16,2000_2007,,,c0elTsAucL0900g,REAL,,2000-2007,
growth_sources,17,2007_2011,,,c0elTsAucL0900h,REAL,,2007-2011,
,,,,,,,,,
livestock_ouput,1,id,1,,t0elTsAucL0a,INTEGER,,Livestock output,
livestock_ouput,2,year,,,c0elTsAucL0a002,INTEGER,4,Year,
livestock_ouput,3,al,,,c0elTsAucL0a003,REAL,,AL,
livestock_ouput,4,ar,,,c0elTsAucL0a004,REAL,,AR,
livestock_ouput,5,az,,,c0elTsAucL0a005,REAL,,AZ,
livestock_ouput,6,ca,,,c0elTsAucL0a006,REAL,,CA,
livestock_ouput,7,co,,,c0elTsAucL0a007,REAL,,CO,
livestock_ouput,8,ct,,,c0elTsAucL0a008,REAL,,CT,
livestock_ouput,9,de,,,c0elTsAucL0a009,REAL,,DE,
livestock_ouput,10,fl,,,c0elTsAucL0a00a,REAL,,FL,
livestock_ouput,11,ga,,,c0elTsAucL0a00b,REAL,,GA,
livestock_ouput,12,ia,,,c0elTsAucL0a00c,REAL,,IA,
livestock_ouput,13,idaho,,,c0elTsAucL0a00d,REAL,,ID,
livestock_ouput,14,il,,,c0elTsAucL0a00e,REAL,,IL,
livestock_ouput,15,in,,,c0elTsAucL0a00f,REAL,,IN,
livestock_ouput,16,ks,,,c0elTsAucL0a00g,REAL,,KS,
livestock_ouput,17,ky,,,c0elTsAucL0a00h,REAL,,KY,
livestock_ouput,18,la,,,c0elTsAucL0a00i,REAL,,LA,
livestock_ouput,19,ma,,,c0elTsAucL0a00j,REAL,,MA,
livestock_ouput,20,md,,,c0elTsAucL0a00k,REAL,,MD,
livestock_ouput,21,me,,,c0elTsAucL0a00l,REAL,,ME,
livestock_ouput,22,mi,,,c0elTsAucL0a00m,REAL,,MI,
livestock_ouput,23,mn,,,c0elTsAucL0a00n,REAL,,MN,
livestock_ouput,24,mo,,,c0elTsAucL0a00o,REAL,,MO,
livestock_ouput,25,ms,,,c0elTsAucL0a00p,REAL,,MS,
livestock_ouput,26,mt,,,c0elTsAucL0a00q,REAL,,MT,
livestock_ouput,27,nc,,,c0elTsAucL0a00r,REAL,,NC,
livestock_ouput,28,nd,,,c0elTsAucL0a00s,REAL,,ND,
livestock_ouput,29,ne,,,c0elTsAucL0a00t,REAL,,NE,
livestock_ouput,30,nh,,,c0elTsAucL0a00u,REAL,,NH,
livestock_ouput,31,nj,,,c0elTsAucL0a00v,REAL,,NJ,
livestock_ouput,32,nm,,,c0elTsAucL0a00w,REAL,,NM,
livestock_ouput,33,nv,,,c0elTsAucL0a00x,REAL,,NV,
livestock_ouput,34,ny,,,c0elTsAucL0a00y,REAL,,NY,
livestock_ouput,35,oh,,,c0elTsAucL0a00z,REAL,,OH,
livestock_ouput,36,ok,,,c0elTsAucL0a00A,REAL,,OK,
livestock_ouput,37,or,,,c0elTsAucL0a00B,REAL,,OR,
livestock_ouput,38,pa,,,c0elTsAucL0a00C,REAL,,PA,
livestock_ouput,39,ri,,,c0elTsAucL0a00D,REAL,,RI,
livestock_ouput,40,sc,,,c0elTsAucL0a00E,REAL,,SC,
livestock_ouput,41,sd,,,c0elTsAucL0a00F,REAL,,SD,
livestock_ouput,42,tn,,,c0elTsAucL0a00G,REAL,,TN,
livestock_ouput,43,tx,,,c0elTsAucL0a00H,REAL,,TX,
livestock_ouput,44,ut,,,c0elTsAucL0a00I,REAL,,UT,
livestock_ouput,45,va,,,c0elTsAucL0a00J,REAL,,VA,
livestock_ouput,46,vt,,,c0elTsAucL0a00K,REAL,,VT,
livestock_ouput,47,wa,,,c0elTsAucL0a00L,REAL,,WA,
livestock_ouput,48,wi,,,c0elTsAucL0a00M,REAL,,WI,
livestock_ouput,49,wv,,,c0elTsAucL0a00N,REAL,,WV,
livestock_ouput,50,wy,,,c0elTsAucL0a00O,REAL,,WY,
,,,,,,,,,
unpaid_labor,1,id,1,,t0elTsAucL0b,INTEGER,,Self-employed and unpaid family labor,
unpaid_labor,2,year,,,c0elTsAucL0b002,INTEGER,4,Year,
unpaid_labor,3,al,,,c0elTsAucL0b003,REAL,,AL,
unpaid_labor,4,ar,,,c0elTsAucL0b004,REAL,,AR,
unpaid_labor,5,az,,,c0elTsAucL0b005,REAL,,AZ,
unpaid_labor,6,ca,,,c0elTsAucL0b006,REAL,,CA,
unpaid_labor,7,co,,,c0elTsAucL0b007,REAL,,CO,
unpaid_labor,8,ct,,,c0elTsAucL0b008,REAL,,CT,
unpaid_labor,9,de,,,c0elTsAucL0b009,REAL,,DE,
unpaid_labor,10,fl,,,c0elTsAucL0b00a,REAL,,FL,
unpaid_labor,11,ga,,,c0elTsAucL0b00b,REAL,,GA,
unpaid_labor,12,ia,,,c0elTsAucL0b00c,REAL,,IA,
unpaid_labor,13,idaho,,,c0elTsAucL0b00d,REAL,,ID,
unpaid_labor,14,il,,,c0elTsAucL0b00e,REAL,,IL,
unpaid_labor,15,in,,,c0elTsAucL0b00f,REAL,,IN,
unpaid_labor,16,ks,,,c0elTsAucL0b00g,REAL,,KS,
unpaid_labor,17,ky,,,c0elTsAucL0b00h,REAL,,KY,
unpaid_labor,18,la,,,c0elTsAucL0b00i,REAL,,LA,
unpaid_labor,19,ma,,,c0elTsAucL0b00j,REAL,,MA,
unpaid_labor,20,md,,,c0elTsAucL0b00k,REAL,,MD,
unpaid_labor,21,me,,,c0elTsAucL0b00l,REAL,,ME,
unpaid_labor,22,mi,,,c0elTsAucL0b00m,REAL,,MI,
unpaid_labor,23,mn,,,c0elTsAucL0b00n,REAL,,MN,
unpaid_labor,24,mo,,,c0elTsAucL0b00o,REAL,,MO,
unpaid_labor,25,ms,,,c0elTsAucL0b00p,REAL,,MS,
unpaid_labor,26,mt,,,c0elTsAucL0b00q,REAL,,MT,
unpaid_labor,27,nc,,,c0elTsAucL0b00r,REAL,,NC,
unpaid_labor,28,nd,,,c0elTsAucL0b00s,REAL,,ND,
unpaid_labor,29,ne,,,c0elTsAucL0b00t,REAL,,NE,
unpaid_labor,30,nh,,,c0elTsAucL0b00u,REAL,,NH,
unpaid_labor,31,nj,,,c0elTsAucL0b00v,REAL,,NJ,
unpaid_labor,32,nm,,,c0elTsAucL0b00w,REAL,,NM,
unpaid_labor,33,nv,,,c0elTsAucL0b00x,REAL,,NV,
unpaid_labor,34,ny,,,c0elTsAucL0b00y,REAL,,NY,
unpaid_labor,35,oh,,,c0elTsAucL0b00z,REAL,,OH,
unpaid_labor,36,ok,,,c0elTsAucL0b00A,REAL,,OK,
unpaid_labor,37,or,,,c0elTsAucL0b00B,REAL,,OR,
unpaid_labor,38,pa,,,c0elTsAucL0b00C,REAL,,PA,
unpaid_labor,39,ri,,,c0elTsAucL0b00D,REAL,,RI,
unpaid_labor,40,sc,,,c0elTsAucL0b00E,REAL,,SC,
unpaid_labor,41,sd,,,c0elTsAucL0b00F,REAL,,SD,
unpaid_labor,42,tn,,,c0elTsAucL0b00G,REAL,,TN,
unpaid_labor,43,tx,,,c0elTsAucL0b00H,REAL,,TX,
unpaid_labor,44,ut,,,c0elTsAucL0b00I,REAL,,UT,
unpaid_labor,45,va,,,c0elTsAucL0b00J,REAL,,VA,
unpaid_labor,46,vt,,,c0elTsAucL0b00K,REAL,,VT,
unpaid_labor,47,wa,,,c0elTsAucL0b00L,REAL,,WA,
unpaid_labor,48,wi,,,c0elTsAucL0b00M,REAL,,WI,
unpaid_labor,49,wv,,,c0elTsAucL0b00N,REAL,,WV,
unpaid_labor,50,wy,,,c0elTsAucL0b00O,REAL,,WY,
unpaid_labor,51,column49,,,c0elTsAucL0b00P,VARCHAR,0,,
unpaid_labor,52,column50,,,c0elTsAucL0b00Q,VARCHAR,0,,
unpaid_labor,53,column51,,,c0elTsAucL0b00R,VARCHAR,0,,
unpaid_labor,54,column52,,,c0elTsAucL0b00S,VARCHAR,0,,
unpaid_labor,55,column53,,,c0elTsAucL0b00T,VARCHAR,0,,
unpaid_labor,56,column54,,,c0elTsAucL0b00U,VARCHAR,0,,
unpaid_labor,57,column55,,,c0elTsAucL0b00V,VARCHAR,0,,
unpaid_labor,58,column56,,,c0elTsAucL0b00W,VARCHAR,0,,
unpaid_labor,59,column57,,,c0elTsAucL0b00X,VARCHAR,0,,
unpaid_labor,60,column58,,,c0elTsAucL0b00Y,VARCHAR,0,,
unpaid_labor,61,column59,,,c0elTsAucL0b00Z,VARCHAR,0,,
unpaid_labor,62,column60,,,c0elTsAucL0b010,VARCHAR,0,,
unpaid_labor,63,column61,,,c0elTsAucL0b011,VARCHAR,0,,
unpaid_labor,64,column62,,,c0elTsAucL0b012,VARCHAR,0,,
unpaid_labor,65,column63,,,c0elTsAucL0b013,VARCHAR,0,,
unpaid_labor,66,column64,,,c0elTsAucL0b014,VARCHAR,0,,
,,,,,,,,,
total_factor,1,id,1,,t0elTsAucL0c,INTEGER,,Indices of total factor productivity by State,
total_factor,2,year,,,c0elTsAucL0c002,INTEGER,4,Year,
total_factor,3,al,,,c0elTsAucL0c003,REAL,,AL,
total_factor,4,ar,,,c0elTsAucL0c004,REAL,,AR,
total_factor,5,az,,,c0elTsAucL0c005,REAL,,AZ,
total_factor,6,ca,,,c0elTsAucL0c006,REAL,,CA,
total_factor,7,co,,,c0elTsAucL0c007,REAL,,CO,
total_factor,8,ct,,,c0elTsAucL0c008,REAL,,CT,
total_factor,9,de,,,c0elTsAucL0c009,REAL,,DE,
total_factor,10,fl,,,c0elTsAucL0c00a,REAL,,FL,
total_factor,11,ga,,,c0elTsAucL0c00b,REAL,,GA,
total_factor,12,ia,,,c0elTsAucL0c00c,REAL,,IA,
total_factor,13,idaho,,,c0elTsAucL0c00d,REAL,,ID,
total_factor,14,il,,,c0elTsAucL0c00e,REAL,,IL,
total_factor,15,in,,,c0elTsAucL0c00f,REAL,,IN,
total_factor,16,ks,,,c0elTsAucL0c00g,REAL,,KS,
total_factor,17,ky,,,c0elTsAucL0c00h,REAL,,KY,
total_factor,18,la,,,c0elTsAucL0c00i,REAL,,LA,
total_factor,19,ma,,,c0elTsAucL0c00j,REAL,,MA,
total_factor,20,md,,,c0elTsAucL0c00k,REAL,,MD,
total_factor,21,me,,,c0elTsAucL0c00l,REAL,,ME,
total_factor,22,mi,,,c0elTsAucL0c00m,REAL,,MI,
total_factor,23,mn,,,c0elTsAucL0c00n,REAL,,MN,
total_factor,24,mo,,,c0elTsAucL0c00o,REAL,,MO,
total_factor,25,ms,,,c0elTsAucL0c00p,REAL,,MS,
total_factor,26,mt,,,c0elTsAucL0c00q,REAL,,MT,
total_factor,27,nc,,,c0elTsAucL0c00r,REAL,,NC,
total_factor,28,nd,,,c0elTsAucL0c00s,REAL,,ND,
total_factor,29,ne,,,c0elTsAucL0c00t,REAL,,NE,
total_factor,30,nh,,,c0elTsAucL0c00u,REAL,,NH,
total_factor,31,nj,,,c0elTsAucL0c00v,REAL,,NJ,
total_factor,32,nm,,,c0elTsAucL0c00w,REAL,,NM,
total_factor,33,nv,,,c0elTsAucL0c00x,REAL,,NV,
total_factor,34,ny,,,c0elTsAucL0c00y,REAL,,NY,
total_factor,35,oh,,,c0elTsAucL0c00z,REAL,,OH,
total_factor,36,ok,,,c0elTsAucL0c00A,REAL,,OK,
total_factor,37,or,,,c0elTsAucL0c00B,REAL,,OR,
total_factor,38,pa,,,c0elTsAucL0c00C,REAL,,PA,
total_factor,39,ri,,,c0elTsAucL0c00D,REAL,,RI,
total_factor,40,sc,,,c0elTsAucL0c00E,REAL,,SC,
total_factor,41,sd,,,c0elTsAucL0c00F,REAL,,SD,
total_factor,42,tn,,,c0elTsAucL0c00G,REAL,,TN,
total_factor,43,tx,,,c0elTsAucL0c00H,REAL,,TX,
total_factor,44,ut,,,c0elTsAucL0c00I,REAL,,UT,
total_factor,45,va,,,c0elTsAucL0c00J,REAL,,VA,
total_factor,46,vt,,,c0elTsAucL0c00K,REAL,,VT,
total_factor,47,wa,,,c0elTsAucL0c00L,REAL,,WA,
total_factor,48,wi,,,c0elTsAucL0c00M,REAL,,WI,
total_factor,49,wv,,,c0elTsAucL0c00N,REAL,,WV,
total_factor,50,wy,,,c0elTsAucL0c00O,REAL,,WY,
total_factor,51,column49,,,c0elTsAucL0c00P,VARCHAR,0,,
total_factor,52,column50,,,c0elTsAucL0c00Q,VARCHAR,0,,
total_factor,53,column51,,,c0elTsAucL0c00R,VARCHAR,0,,
total_factor,54,column52,,,c0elTsAucL0c00S,VARCHAR,0,,
total_factor,55,column53,,,c0elTsAucL0c00T,VARCHAR,0,,
total_factor,56,column54,,,c0elTsAucL0c00U,VARCHAR,0,,
total_factor,57,column55,,,c0elTsAucL0c00V,VARCHAR,0,,
total_factor,58,column56,,,c0elTsAucL0c00W,VARCHAR,0,,
total_factor,59,column57,,,c0elTsAucL0c00X,VARCHAR,0,,
total_factor,60,column58,,,c0elTsAucL0c00Y,VARCHAR,0,,
total_factor,61,column59,,,c0elTsAucL0c00Z,VARCHAR,0,,
total_factor,62,column60,,,c0elTsAucL0c010,VARCHAR,0,,
total_factor,63,column61,,,c0elTsAucL0c011,VARCHAR,0,,
total_factor,64,column62,,,c0elTsAucL0c012,VARCHAR,0,,
total_factor,65,column63,,,c0elTsAucL0c013,VARCHAR,0,,
total_factor,66,column64,,,c0elTsAucL0c014,VARCHAR,0,,
,,,,,,,,,
land_input,1,id,1,,t0elTsAucL0d,INTEGER,,Land input,
land_input,2,year,,,c0elTsAucL0d002,INTEGER,4,Year,
land_input,3,al,,,c0elTsAucL0d003,REAL,,AL,
land_input,4,ar,,,c0elTsAucL0d004,REAL,,AR,
land_input,5,az,,,c0elTsAucL0d005,REAL,,AZ,
land_input,6,ca,,,c0elTsAucL0d006,REAL,,CA,
land_input,7,co,,,c0elTsAucL0d007,REAL,,CO,
land_input,8,ct,,,c0elTsAucL0d008,REAL,,CT,
land_input,9,de,,,c0elTsAucL0d009,REAL,,DE,
land_input,10,fl,,,c0elTsAucL0d00a,REAL,,FL,
land_input,11,ga,,,c0elTsAucL0d00b,REAL,,GA,
land_input,12,ia,,,c0elTsAucL0d00c,REAL,,IA,
land_input,13,idaho,,,c0elTsAucL0d00d,REAL,,ID,
land_input,14,il,,,c0elTsAucL0d00e,REAL,,IL,
land_input,15,in,,,c0elTsAucL0d00f,REAL,,IN,
land_input,16,ks,,,c0elTsAucL0d00g,REAL,,KS,
land_input,17,ky,,,c0elTsAucL0d00h,REAL,,KY,
land_input,18,la,,,c0elTsAucL0d00i,REAL,,LA,
land_input,19,ma,,,c0elTsAucL0d00j,REAL,,MA,
land_input,20,md,,,c0elTsAucL0d00k,REAL,,MD,
land_input,21,me,,,c0elTsAucL0d00l,REAL,,ME,
land_input,22,mi,,,c0elTsAucL0d00m,REAL,,MI,
land_input,23,mn,,,c0elTsAucL0d00n,REAL,,MN,
land_input,24,mo,,,c0elTsAucL0d00o,REAL,,MO,
land_input,25,ms,,,c0elTsAucL0d00p,REAL,,MS,
land_input,26,mt,,,c0elTsAucL0d00q,REAL,,MT,
land_input,27,nc,,,c0elTsAucL0d00r,REAL,,NC,
land_input,28,nd,,,c0elTsAucL0d00s,REAL,,ND,
land_input,29,ne,,,c0elTsAucL0d00t,REAL,,NE,
land_input,30,nh,,,c0elTsAucL0d00u,REAL,,NH,
land_input,31,nj,,,c0elTsAucL0d00v,REAL,,NJ,
land_input,32,nm,,,c0elTsAucL0d00w,REAL,,NM,
land_input,33,nv,,,c0elTsAucL0d00x,REAL,,NV,
land_input,34,ny,,,c0elTsAucL0d00y,REAL,,NY,
land_input,35,oh,,,c0elTsAucL0d00z,REAL,,OH,
land_input,36,ok,,,c0elTsAucL0d00A,REAL,,OK,
land_input,37,or,,,c0elTsAucL0d00B,REAL,,OR,
land_input,38,pa,,,c0elTsAucL0d00C,REAL,,PA,
land_input,39,ri,,,c0elTsAucL0d00D,REAL,,RI,
land_input,40,sc,,,c0elTsAucL0d00E,REAL,,SC,
land_input,41,sd,,,c0elTsAucL0d00F,REAL,,SD,
land_input,42,tn,,,c0elTsAucL0d00G,REAL,,TN,
land_input,43,tx,,,c0elTsAucL0d00H,REAL,,TX,
land_input,44,ut,,,c0elTsAucL0d00I,REAL,,UT,
land_input,45,va,,,c0elTsAucL0d00J,REAL,,VA,
land_input,46,vt,,,c0elTsAucL0d00K,REAL,,VT,
land_input,47,wa,,,c0elTsAucL0d00L,REAL,,WA,
land_input,48,wi,,,c0elTsAucL0d00M,REAL,,WI,
land_input,49,wv,,,c0elTsAucL0d00N,REAL,,WV,
land_input,50,wy,,,c0elTsAucL0d00O,REAL,,WY,
,,,,,,,,,
farm_output,1,id,1,,t0elTsAucL0e,INTEGER,,"Indices of farm output, input, and total factor productivity for the United States, 1948-2011. Includes price indices and implicit quantities of farm outputs and inputs (see second tab in workbook), Table1a.",
farm_output,2,year,,,c0elTsAucL0e002,VARCHAR,260,Year,
farm_output,3,total_output,,,c0elTsAucL0e003,REAL,,Total output,1
farm_output,4,livestock_and_products_1_all,,,c0elTsAucL0e004,REAL,,Livestock and products 1/ All,1
farm_output,5,livestock_and_products_1_meat_animals,,,c0elTsAucL0e005,REAL,,Livestock and products 1/ Meat animals,1
farm_output,6,livestock_and_products_1_dairy,,,c0elTsAucL0e006,REAL,,Livestock and products 1/ Dairy,1
farm_output,7,livestock_and_products_1_poultry_and_eggs,,,c0elTsAucL0e007,REAL,,Livestock and products 1/ Poultry and eggs,1
farm_output,8,crops_all,,,c0elTsAucL0e008,REAL,,Crops All,1
farm_output,9,crops_food_grains,,,c0elTsAucL0e009,REAL,,Crops Food grains,1
farm_output,10,crops_feed_crops,,,c0elTsAucL0e00a,REAL,,Crops Feed crops,1
farm_output,11,crops_oil_crops,,,c0elTsAucL0e00b,REAL,,Crops Oil crops,1
farm_output,12,crops_vegetables_and_melons,,,c0elTsAucL0e00c,REAL,,Crops Vegetables and melons,1
farm_output,13,crops_fruits_and_nuts,,,c0elTsAucL0e00d,REAL,,Crops Fruits and nuts,1
farm_output,14,crops_other_crops_2,,,c0elTsAucL0e00e,REAL,,Crops Other crops 2/,1
farm_output,15,crops_farm_related_output_3,,,c0elTsAucL0e00f,REAL,,Crops Farm-related output 3/,1
farm_output,16,total_farm_input,,,c0elTsAucL0e00g,REAL,,Total farm input,1
farm_output,17,capital_all,,,c0elTsAucL0e00h,REAL,,Capital All,1
farm_output,18,capital_durable_equipment,,,c0elTsAucL0e00i,REAL,,Capital Durable equipment,1
farm_output,19,capital_service_buildings,,,c0elTsAucL0e00j,REAL,,Capital Service buildings,1
farm_output,20,capital_land,,,c0elTsAucL0e00k,REAL,,Capital Land,1
farm_output,21,capital_inventories,,,c0elTsAucL0e00l,REAL,,Capital Inventories,1
farm_output,22,labor_all,,,c0elTsAucL0e00m,REAL,,Labor All,1
farm_output,23,labor_hired_labor,,,c0elTsAucL0e00n,REAL,,Labor Hired labor,1
farm_output,24,labor_self_employed,,,c0elTsAucL0e00o,REAL,,Labor Self-employed,1
farm_output,25,intermediate_goods_all,,,c0elTsAucL0e00p,REAL,,Intermediate goods All,1
farm_output,26,intermediate_goods_farm_origin,,,c0elTsAucL0e00q,REAL,,Intermediate goods Farm origin,1
farm_output,27,intermediate_goods_energy,,,c0elTsAucL0e00r,REAL,,Intermediate goods Energy,1
farm_output,28,intermediate_goods_fertilizer_and_lime,,,c0elTsAucL0e00s,REAL,,Intermediate goods Fertilizer and lime,1
farm_output,29,intermediate_goods_pesticides,,,c0elTsAucL0e00t,REAL,,Intermediate goods Pesticides,1
farm_output,30,intermediate_goods_purchased_services,,,c0elTsAucL0e00u,REAL,,Intermediate goods Purchased services,1
farm_output,31,intermediate_goods_other_intermediate,,,c0elTsAucL0e00v,REAL,,Intermediate goods Other intermediate,1
farm_output,32,total_factor_productivity_tfp,,,c0elTsAucL0e00w,REAL,,Total factor productivity (TFP),1
,,,,,,,,,
fertilizer_consumption,1,id,1,,t0elTsAucL0f,INTEGER,,Fertilizer consumption,
fertilizer_consumption,2,year,,,c0elTsAucL0f002,INTEGER,4,Year,
fertilizer_consumption,3,al,,,c0elTsAucL0f003,REAL,,AL,
fertilizer_consumption,4,ar,,,c0elTsAucL0f004,REAL,,AR,
fertilizer_consumption,5,az,,,c0elTsAucL0f005,REAL,,AZ,
fertilizer_consumption,6,ca,,,c0elTsAucL0f006,REAL,,CA,
fertilizer_consumption,7,co,,,c0elTsAucL0f007,REAL,,CO,
fertilizer_consumption,8,ct,,,c0elTsAucL0f008,REAL,,CT,
fertilizer_consumption,9,de,,,c0elTsAucL0f009,REAL,,DE,
fertilizer_consumption,10,fl,,,c0elTsAucL0f00a,REAL,,FL,
fertilizer_consumption,11,ga,,,c0elTsAucL0f00b,REAL,,GA,
fertilizer_consumption,12,ia,,,c0elTsAucL0f00c,REAL,,IA,
fertilizer_consumption,13,idaho,,,c0elTsAucL0f00d,REAL,,ID,
fertilizer_consumption,14,il,,,c0elTsAucL0f00e,REAL,,IL,
fertilizer_consumption,15,in,,,c0elTsAucL0f00f,REAL,,IN,
fertilizer_consumption,16,ks,,,c0elTsAucL0f00g,REAL,,KS,
fertilizer_consumption,17,ky,,,c0elTsAucL0f00h,REAL,,KY,
fertilizer_consumption,18,la,,,c0elTsAucL0f00i,REAL,,LA,
fertilizer_consumption,19,ma,,,c0elTsAucL0f00j,REAL,,MA,
fertilizer_consumption,20,md,,,c0elTsAucL0f00k,REAL,,MD,
fertilizer_consumption,21,me,,,c0elTsAucL0f00l,REAL,,ME,
fertilizer_consumption,22,mi,,,c0elTsAucL0f00m,REAL,,MI,
fertilizer_consumption,23,mn,,,c0elTsAucL0f00n,REAL,,MN,
fertilizer_consumption,24,mo,,,c0elTsAucL0f00o,REAL,,MO,
fertilizer_consumption,25,ms,,,c0elTsAucL0f00p,REAL,,MS,
fertilizer_consumption,26,mt,,,c0elTsAucL0f00q,REAL,,MT,
fertilizer_consumption,27,nc,,,c0elTsAucL0f00r,REAL,,NC,
fertilizer_consumption,28,nd,,,c0elTsAucL0f00s,REAL,,ND,
fertilizer_consumption,29,ne,,,c0elTsAucL0f00t,REAL,,NE,
fertilizer_consumption,30,nh,,,c0elTsAucL0f00u,REAL,,NH,
fertilizer_consumption,31,nj,,,c0elTsAucL0f00v,REAL,,NJ,
fertilizer_consumption,32,nm,,,c0elTsAucL0f00w,REAL,,NM,
fertilizer_consumption,33,nv,,,c0elTsAucL0f00x,REAL,,NV,
fertilizer_consumption,34,ny,,,c0elTsAucL0f00y,REAL,,NY,
fertilizer_consumption,35,oh,,,c0elTsAucL0f00z,REAL,,OH,
fertilizer_consumption,36,ok,,,c0elTsAucL0f00A,REAL,,OK,
fertilizer_consumption,37,or,,,c0elTsAucL0f00B,REAL,,OR,
fertilizer_consumption,38,pa,,,c0elTsAucL0f00C,REAL,,PA,
fertilizer_consumption,39,ri,,,c0elTsAucL0f00D,REAL,,RI,
fertilizer_consumption,40,sc,,,c0elTsAucL0f00E,REAL,,SC,
fertilizer_consumption,41,sd,,,c0elTsAucL0f00F,REAL,,SD,
fertilizer_consumption,42,tn,,,c0elTsAucL0f00G,REAL,,TN,
fertilizer_consumption,43,tx,,,c0elTsAucL0f00H,REAL,,TX,
fertilizer_consumption,44,ut,,,c0elTsAucL0f00I,REAL,,UT,
fertilizer_consumption,45,va,,,c0elTsAucL0f00J,REAL,,VA,
fertilizer_consumption,46,vt,,,c0elTsAucL0f00K,REAL,,VT,
fertilizer_consumption,47,wa,,,c0elTsAucL0f00L,REAL,,WA,
fertilizer_consumption,48,wi,,,c0elTsAucL0f00M,REAL,,WI,
fertilizer_consumption,49,wv,,,c0elTsAucL0f00N,REAL,,WV,
fertilizer_consumption,50,wy,,,c0elTsAucL0f00O,REAL,,WY,
fertilizer_consumption,51,column49,,,c0elTsAucL0f00P,VARCHAR,0,,
fertilizer_consumption,52,column50,,,c0elTsAucL0f00Q,VARCHAR,0,,
fertilizer_consumption,53,column51,,,c0elTsAucL0f00R,VARCHAR,0,,
fertilizer_consumption,54,column52,,,c0elTsAucL0f00S,VARCHAR,0,,
fertilizer_consumption,55,column53,,,c0elTsAucL0f00T,VARCHAR,0,,
fertilizer_consumption,56,column54,,,c0elTsAucL0f00U,VARCHAR,0,,
fertilizer_consumption,57,column55,,,c0elTsAucL0f00V,VARCHAR,0,,
fertilizer_consumption,58,column56,,,c0elTsAucL0f00W,VARCHAR,0,,
fertilizer_consumption,59,column57,,,c0elTsAucL0f00X,VARCHAR,0,,
fertilizer_consumption,60,column58,,,c0elTsAucL0f00Y,VARCHAR,0,,
fertilizer_consumption,61,column59,,,c0elTsAucL0f00Z,VARCHAR,0,,
fertilizer_consumption,62,column60,,,c0elTsAucL0f010,VARCHAR,0,,
fertilizer_consumption,63,column61,,,c0elTsAucL0f011,VARCHAR,0,,
fertilizer_consumption,64,column62,,,c0elTsAucL0f012,VARCHAR,0,,
fertilizer_consumption,65,column63,,,c0elTsAucL0f013,VARCHAR,0,,
fertilizer_consumption,66,column64,,,c0elTsAucL0f014,VARCHAR,0,,
,,,,,,,,,
pesticide_consumption,1,id,1,,t0elTsAucL0g,INTEGER,,Pesticide consumption,
pesticide_consumption,2,year,,,c0elTsAucL0g002,INTEGER,4,Year,
pesticide_consumption,3,al,,,c0elTsAucL0g003,REAL,,AL,
pesticide_consumption,4,ar,,,c0elTsAucL0g004,REAL,,AR,
pesticide_consumption,5,az,,,c0elTsAucL0g005,REAL,,AZ,
pesticide_consumption,6,ca,,,c0elTsAucL0g006,REAL,,CA,
pesticide_consumption,7,co,,,c0elTsAucL0g007,REAL,,CO,
pesticide_consumption,8,ct,,,c0elTsAucL0g008,REAL,,CT,
pesticide_consumption,9,de,,,c0elTsAucL0g009,REAL,,DE,
pesticide_consumption,10,fl,,,c0elTsAucL0g00a,REAL,,FL,
pesticide_consumption,11,ga,,,c0elTsAucL0g00b,REAL,,GA,
pesticide_consumption,12,ia,,,c0elTsAucL0g00c,REAL,,IA,
pesticide_consumption,13,idaho,,,c0elTsAucL0g00d,REAL,,ID,
pesticide_consumption,14,il,,,c0elTsAucL0g00e,REAL,,IL,
pesticide_consumption,15,in,,,c0elTsAucL0g00f,REAL,,IN,
pesticide_consumption,16,ks,,,c0elTsAucL0g00g,REAL,,KS,
pesticide_consumption,17,ky,,,c0elTsAucL0g00h,REAL,,KY,
pesticide_consumption,18,la,,,c0elTsAucL0g00i,REAL,,LA,
pesticide_consumption,19,ma,,,c0elTsAucL0g00j,REAL,,MA,
pesticide_consumption,20,md,,,c0elTsAucL0g00k,REAL,,MD,
pesticide_consumption,21,me,,,c0elTsAucL0g00l,REAL,,ME,
pesticide_consumption,22,mi,,,c0elTsAucL0g00m,REAL,,MI,
pesticide_consumption,23,mn,,,c0elTsAucL0g00n,REAL,,MN,
pesticide_consumption,24,mo,,,c0elTsAucL0g00o,REAL,,MO,
pesticide_consumption,25,ms,,,c0elTsAucL0g00p,REAL,,MS,
pesticide_consumption,26,mt,,,c0elTsAucL0g00q,REAL,,MT,
pesticide_consumption,27,nc,,,c0elTsAucL0g00r,REAL,,NC,
pesticide_consumption,28,nd,,,c0elTsAucL0g00s,REAL,,ND,
pesticide_consumption,29,ne,,,c0elTsAucL0g00t,REAL,,NE,
pesticide_consumption,30,nh,,,c0elTsAucL0g00u,REAL,,NH,
pesticide_consumption,31,nj,,,c0elTsAucL0g00v,REAL,,NJ,
pesticide_consumption,32,nm,,,c0elTsAucL0g00w,REAL,,NM,
pesticide_consumption,33,nv,,,c0elTsAucL0g00x,REAL,,NV,
pesticide_consumption,34,ny,,,c0elTsAucL0g00y,REAL,,NY,
pesticide_consumption,35,oh,,,c0elTsAucL0g00z,REAL,,OH,
pesticide_consumption,36,ok,,,c0elTsAucL0g00A,REAL,,OK,
pesticide_consumption,37,or,,,c0elTsAucL0g00B,REAL,,OR,
pesticide_consumption,38,pa,,,c0elTsAucL0g00C,REAL,,PA,
pesticide_consumption,39,ri,,,c0elTsAucL0g00D,REAL,,RI,
pesticide_consumption,40,sc,,,c0elTsAucL0g00E,REAL,,SC,
pesticide_consumption,41,sd,,,c0elTsAucL0g00F,REAL,,SD,
pesticide_consumption,42,tn,,,c0elTsAucL0g00G,REAL,,TN,
pesticide_consumption,43,tx,,,c0elTsAucL0g00H,REAL,,TX,
pesticide_consumption,44,ut,,,c0elTsAucL0g00I,REAL,,UT,
pesticide_consumption,45,va,,,c0elTsAucL0g00J,REAL,,VA,
pesticide_consumption,46,vt,,,c0elTsAucL0g00K,REAL,,VT,
pesticide_consumption,47,wa,,,c0elTsAucL0g00L,REAL,,WA,
pesticide_consumption,48,wi,,,c0elTsAucL0g00M,REAL,,WI,
pesticide_consumption,49,wv,,,c0elTsAucL0g00N,REAL,,WV,
pesticide_consumption,50,wy,,,c0elTsAucL0g00O,REAL,,WY,
pesticide_consumption,51,column49,,,c0elTsAucL0g00P,VARCHAR,0,,
pesticide_consumption,52,column50,,,c0elTsAucL0g00Q,VARCHAR,0,,
pesticide_consumption,53,column51,,,c0elTsAucL0g00R,VARCHAR,0,,
pesticide_consumption,54,column52,,,c0elTsAucL0g00S,VARCHAR,0,,
pesticide_consumption,55,column53,,,c0elTsAucL0g00T,VARCHAR,0,,
pesticide_consumption,56,column54,,,c0elTsAucL0g00U,VARCHAR,0,,
pesticide_consumption,57,column55,,,c0elTsAucL0g00V,VARCHAR,0,,
pesticide_consumption,58,column56,,,c0elTsAucL0g00W,VARCHAR,0,,
pesticide_consumption,59,column57,,,c0elTsAucL0g00X,VARCHAR,0,,
pesticide_consumption,60,column58,,,c0elTsAucL0g00Y,VARCHAR,0,,
pesticide_consumption,61,column59,,,c0elTsAucL0g00Z,VARCHAR,0,,
pesticide_consumption,62,column60,,,c0elTsAucL0g010,VARCHAR,0,,
pesticide_consumption,63,column61,,,c0elTsAucL0g011,VARCHAR,0,,
pesticide_consumption,64,column62,,,c0elTsAucL0g012,VARCHAR,0,,
pesticide_consumption,65,column63,,,c0elTsAucL0g013,VARCHAR,0,,
pesticide_consumption,66,column64,,,c0elTsAucL0g014,VARCHAR,0,,
,,,,,,,,,
intermediate_output,1,id,1,,t0elTsAucL0h,INTEGER,,Total intermediate input,
intermediate_output,2,year,,,c0elTsAucL0h002,INTEGER,4,Year,
intermediate_output,3,al,,,c0elTsAucL0h003,REAL,,AL,
intermediate_output,4,ar,,,c0elTsAucL0h004,REAL,,AR,
intermediate_output,5,az,,,c0elTsAucL0h005,REAL,,AZ,
intermediate_output,6,ca,,,c0elTsAucL0h006,REAL,,CA,
intermediate_output,7,co,,,c0elTsAucL0h007,REAL,,CO,
intermediate_output,8,ct,,,c0elTsAucL0h008,REAL,,CT,
intermediate_output,9,de,,,c0elTsAucL0h009,REAL,,DE,
intermediate_output,10,fl,,,c0elTsAucL0h00a,REAL,,FL,
intermediate_output,11,ga,,,c0elTsAucL0h00b,REAL,,GA,
intermediate_output,12,ia,,,c0elTsAucL0h00c,REAL,,IA,
intermediate_output,13,idaho,,,c0elTsAucL0h00d,REAL,,ID,
intermediate_output,14,il,,,c0elTsAucL0h00e,REAL,,IL,
intermediate_output,15,in,,,c0elTsAucL0h00f,REAL,,IN,
intermediate_output,16,ks,,,c0elTsAucL0h00g,REAL,,KS,
intermediate_output,17,ky,,,c0elTsAucL0h00h,REAL,,KY,
intermediate_output,18,la,,,c0elTsAucL0h00i,REAL,,LA,
intermediate_output,19,ma,,,c0elTsAucL0h00j,REAL,,MA,
intermediate_output,20,md,,,c0elTsAucL0h00k,REAL,,MD,
intermediate_output,21,me,,,c0elTsAucL0h00l,REAL,,ME,
intermediate_output,22,mi,,,c0elTsAucL0h00m,REAL,,MI,
intermediate_output,23,mn,,,c0elTsAucL0h00n,REAL,,MN,
intermediate_output,24,mo,,,c0elTsAucL0h00o,REAL,,MO,
intermediate_output,25,ms,,,c0elTsAucL0h00p,REAL,,MS,
intermediate_output,26,mt,,,c0elTsAucL0h00q,REAL,,MT,
intermediate_output,27,nc,,,c0elTsAucL0h00r,REAL,,NC,
intermediate_output,28,nd,,,c0elTsAucL0h00s,REAL,,ND,
intermediate_output,29,ne,,,c0elTsAucL0h00t,REAL,,NE,
intermediate_output,30,nh,,,c0elTsAucL0h00u,REAL,,NH,
intermediate_output,31,nj,,,c0elTsAucL0h00v,REAL,,NJ,
intermediate_output,32,nm,,,c0elTsAucL0h00w,REAL,,NM,
intermediate_output,33,nv,,,c0elTsAucL0h00x,REAL,,NV,
intermediate_output,34,ny,,,c0elTsAucL0h00y,REAL,,NY,
intermediate_output,35,oh,,,c0elTsAucL0h00z,REAL,,OH,
intermediate_output,36,ok,,,c0elTsAucL0h00A,REAL,,OK,
intermediate_output,37,or,,,c0elTsAucL0h00B,REAL,,OR,
intermediate_output,38,pa,,,c0elTsAucL0h00C,REAL,,PA,
intermediate_output,39,ri,,,c0elTsAucL0h00D,REAL,,RI,
intermediate_output,40,sc,,,c0elTsAucL0h00E,REAL,,SC,
intermediate_output,41,sd,,,c0elTsAucL0h00F,REAL,,SD,
intermediate_output,42,tn,,,c0elTsAucL0h00G,REAL,,TN,
intermediate_output,43,tx,,,c0elTsAucL0h00H,REAL,,TX,
intermediate_output,44,ut,,,c0elTsAucL0h00I,REAL,,UT,
intermediate_output,45,va,,,c0elTsAucL0h00J,REAL,,VA,
intermediate_output,46,vt,,,c0elTsAucL0h00K,REAL,,VT,
intermediate_output,47,wa,,,c0elTsAucL0h00L,REAL,,WA,
intermediate_output,48,wi,,,c0elTsAucL0h00M,REAL,,WI,
intermediate_output,49,wv,,,c0elTsAucL0h00N,REAL,,WV,
intermediate_output,50,wy,,,c0elTsAucL0h00O,REAL,,WY,
intermediate_output,51,column49,,,c0elTsAucL0h00P,VARCHAR,0,,
intermediate_output,52,column50,,,c0elTsAucL0h00Q,VARCHAR,0,,
intermediate_output,53,column51,,,c0elTsAucL0h00R,VARCHAR,0,,
intermediate_output,54,column52,,,c0elTsAucL0h00S,VARCHAR,0,,
intermediate_output,55,column53,,,c0elTsAucL0h00T,VARCHAR,0,,
intermediate_output,56,column54,,,c0elTsAucL0h00U,VARCHAR,0,,
intermediate_output,57,column55,,,c0elTsAucL0h00V,VARCHAR,0,,
intermediate_output,58,column56,,,c0elTsAucL0h00W,VARCHAR,0,,
intermediate_output,59,column57,,,c0elTsAucL0h00X,VARCHAR,0,,
intermediate_output,60,column58,,,c0elTsAucL0h00Y,VARCHAR,0,,
intermediate_output,61,column59,,,c0elTsAucL0h00Z,VARCHAR,0,,
intermediate_output,62,column60,,,c0elTsAucL0h010,VARCHAR,0,,
intermediate_output,63,column61,,,c0elTsAucL0h011,VARCHAR,0,,
intermediate_output,64,column62,,,c0elTsAucL0h012,VARCHAR,0,,
intermediate_output,65,column63,,,c0elTsAucL0h013,VARCHAR,0,,
intermediate_output,66,column64,,,c0elTsAucL0h014,VARCHAR,0,,
,,,,,,,,,
input_growth,1,id,1,,t0elTsAucL0i,INTEGER,,States ranked by level and growth of inputs,
input_growth,2,state,,,c0elTsAucL0i002,VARCHAR,160,State,
input_growth,3,rank_in_2004,,,c0elTsAucL0i003,INTEGER,2,Rank in 2004,
input_growth,4,level_in_2004,,,c0elTsAucL0i004,REAL,,Level in 2004,
input_growth,5,rank_in_1960,,,c0elTsAucL0i005,INTEGER,2,Rank in 1960,
input_growth,6,level_in_1960,,,c0elTsAucL0i006,REAL,,Level in 1960,
input_growth,7,rank,,,c0elTsAucL0i007,INTEGER,2,Rank,
input_growth,8,annual_growth,,,c0elTsAucL0i008,REAL,,Annual growth (%),
,,,,,,,,,
productivity_growth,1,id,1,,t0elTsAucL0j,INTEGER,,States ranked by level and growth of productivity,
productivity_growth,2,state,,,c0elTsAucL0j002,VARCHAR,14,State,
productivity_growth,3,rank_in_2004,,,c0elTsAucL0j003,INTEGER,2,Rank in 2004,
productivity_growth,4,level_in_2004,,,c0elTsAucL0j004,REAL,,Level in 2004,
productivity_growth,5,rank_in_1960,,,c0elTsAucL0j005,INTEGER,2,Rank in 1960,
productivity_growth,6,level_in_1960,,,c0elTsAucL0j006,REAL,,Level in 1960,
productivity_growth,7,rank,,,c0elTsAucL0j007,INTEGER,2,Rank,
productivity_growth,8,annual_growth,,,c0elTsAucL0j008,REAL,,Annual growth (%),
,,,,,,,,,
hired_labor,1,id,1,,t0elTsAucL0k,INTEGER,,Hired labor,
hired_labor,2,year,,,c0elTsAucL0k002,INTEGER,4,Year,
hired_labor,3,al,,,c0elTsAucL0k003,REAL,,AL,
hired_labor,4,ar,,,c0elTsAucL0k004,REAL,,AR,
hired_labor,5,az,,,c0elTsAucL0k005,REAL,,AZ,
hired_labor,6,ca,,,c0elTsAucL0k006,REAL,,CA,
hired_labor,7,co,,,c0elTsAucL0k007,REAL,,CO,
hired_labor,8,ct,,,c0elTsAucL0k008,REAL,,CT,
hired_labor,9,de,,,c0elTsAucL0k009,REAL,,DE,
hired_labor,10,fl,,,c0elTsAucL0k00a,REAL,,FL,
hired_labor,11,ga,,,c0elTsAucL0k00b,REAL,,GA,
hired_labor,12,ia,,,c0elTsAucL0k00c,REAL,,IA,
hired_labor,13,idaho,,,c0elTsAucL0k00d,REAL,,ID,
hired_labor,14,il,,,c0elTsAucL0k00e,REAL,,IL,
hired_labor,15,in,,,c0elTsAucL0k00f,REAL,,IN,
hired_labor,16,ks,,,c0elTsAucL0k00g,REAL,,KS,
hired_labor,17,ky,,,c0elTsAucL0k00h,REAL,,KY,
hired_labor,18,la,,,c0elTsAucL0k00i,REAL,,LA,
hired_labor,19,ma,,,c0elTsAucL0k00j,REAL,,MA,
hired_labor,20,md,,,c0elTsAucL0k00k,REAL,,MD,
hired_labor,21,me,,,c0elTsAucL0k00l,REAL,,ME,
hired_labor,22,mi,,,c0elTsAucL0k00m,REAL,,MI,
hired_labor,23,mn,,,c0elTsAucL0k00n,REAL,,MN,
hired_labor,24,mo,,,c0elTsAucL0k00o,REAL,,MO,
hired_labor,25,ms,,,c0elTsAucL0k00p,REAL,,MS,
hired_labor,26,mt,,,c0elTsAucL0k00q,REAL,,MT,
hired_labor,27,nc,,,c0elTsAucL0k00r,REAL,,NC,
hired_labor,28,nd,,,c0elTsAucL0k00s,REAL,,ND,
hired_labor,29,ne,,,c0elTsAucL0k00t,REAL,,NE,
hired_labor,30,nh,,,c0elTsAucL0k00u,REAL,,NH,
hired_labor,31,nj,,,c0elTsAucL0k00v,REAL,,NJ,
hired_labor,32,nm,,,c0elTsAucL0k00w,REAL,,NM,
hired_labor,33,nv,,,c0elTsAucL0k00x,REAL,,NV,
hired_labor,34,ny,,,c0elTsAucL0k00y,REAL,,NY,
hired_labor,35,oh,,,c0elTsAucL0k00z,REAL,,OH,
hired_labor,36,ok,,,c0elTsAucL0k00A,REAL,,OK,
hired_labor,37,or,,,c0elTsAucL0k00B,REAL,,OR,
hired_labor,38,pa,,,c0elTsAucL0k00C,REAL,,PA,
hired_labor,39,ri,,,c0elTsAucL0k00D,REAL,,RI,
hired_labor,40,sc,,,c0elTsAucL0k00E,REAL,,SC,
hired_labor,41,sd,,,c0elTsAucL0k00F,REAL,,SD,
hired_labor,42,tn,,,c0elTsAucL0k00G,REAL,,TN,
hired_labor,43,tx,,,c0elTsAucL0k00H,REAL,,TX,
hired_labor,44,ut,,,c0elTsAucL0k00I,REAL,,UT,
hired_labor,45,va,,,c0elTsAucL0k00J,REAL,,VA,
hired_labor,46,vt,,,c0elTsAucL0k00K,REAL,,VT,
hired_labor,47,wa,,,c0elTsAucL0k00L,REAL,,WA,
hired_labor,48,wi,,,c0elTsAucL0k00M,REAL,,WI,
hired_labor,49,wv,,,c0elTsAucL0k00N,REAL,,WV,
hired_labor,50,wy,,,c0elTsAucL0k00O,REAL,,WY,
,,,,,,,,,
total_input,1,id,1,,t0elTsAucL0l,INTEGER,,Total farm input by State,
total_input,2,year,,,c0elTsAucL0l002,INTEGER,4,Year,
total_input,3,al,,,c0elTsAucL0l003,REAL,,AL,
total_input,4,ar,,,c0elTsAucL0l004,REAL,,AR,
total_input,5,az,,,c0elTsAucL0l005,REAL,,AZ,
total_input,6,ca,,,c0elTsAucL0l006,REAL,,CA,
total_input,7,co,,,c0elTsAucL0l007,REAL,,CO,
total_input,8,ct,,,c0elTsAucL0l008,REAL,,CT,
total_input,9,de,,,c0elTsAucL0l009,REAL,,DE,
total_input,10,fl,,,c0elTsAucL0l00a,REAL,,FL,
total_input,11,ga,,,c0elTsAucL0l00b,REAL,,GA,
total_input,12,ia,,,c0elTsAucL0l00c,REAL,,IA,
total_input,13,idaho,,,c0elTsAucL0l00d,REAL,,ID,
total_input,14,il,,,c0elTsAucL0l00e,REAL,,IL,
total_input,15,in,,,c0elTsAucL0l00f,REAL,,IN,
total_input,16,ks,,,c0elTsAucL0l00g,REAL,,KS,
total_input,17,ky,,,c0elTsAucL0l00h,REAL,,KY,
total_input,18,la,,,c0elTsAucL0l00i,REAL,,LA,
total_input,19,ma,,,c0elTsAucL0l00j,REAL,,MA,
total_input,20,md,,,c0elTsAucL0l00k,REAL,,MD,
total_input,21,me,,,c0elTsAucL0l00l,REAL,,ME,
total_input,22,mi,,,c0elTsAucL0l00m,REAL,,MI,
total_input,23,mn,,,c0elTsAucL0l00n,REAL,,MN,
total_input,24,mo,,,c0elTsAucL0l00o,REAL,,MO,
total_input,25,ms,,,c0elTsAucL0l00p,REAL,,MS,
total_input,26,mt,,,c0elTsAucL0l00q,REAL,,MT,
total_input,27,nc,,,c0elTsAucL0l00r,REAL,,NC,
total_input,28,nd,,,c0elTsAucL0l00s,REAL,,ND,
total_input,29,ne,,,c0elTsAucL0l00t,REAL,,NE,
total_input,30,nh,,,c0elTsAucL0l00u,REAL,,NH,
total_input,31,nj,,,c0elTsAucL0l00v,REAL,,NJ,
total_input,32,nm,,,c0elTsAucL0l00w,REAL,,NM,
total_input,33,nv,,,c0elTsAucL0l00x,REAL,,NV,
total_input,34,ny,,,c0elTsAucL0l00y,REAL,,NY,
total_input,35,oh,,,c0elTsAucL0l00z,REAL,,OH,
total_input,36,ok,,,c0elTsAucL0l00A,REAL,,OK,
total_input,37,or,,,c0elTsAucL0l00B,REAL,,OR,
total_input,38,pa,,,c0elTsAucL0l00C,REAL,,PA,
total_input,39,ri,,,c0elTsAucL0l00D,REAL,,RI,
total_input,40,sc,,,c0elTsAucL0l00E,REAL,,SC,
total_input,41,sd,,,c0elTsAucL0l00F,REAL,,SD,
total_input,42,tn,,,c0elTsAucL0l00G,REAL,,TN,
total_input,43,tx,,,c0elTsAucL0l00H,REAL,,TX,
total_input,44,ut,,,c0elTsAucL0l00I,REAL,,UT,
total_input,45,va,,,c0elTsAucL0l00J,REAL,,VA,
total_input,46,vt,,,c0elTsAucL0l00K,REAL,,VT,
total_input,47,wa,,,c0elTsAucL0l00L,REAL,,WA,
total_input,48,wi,,,c0elTsAucL0l00M,REAL,,WI,
total_input,49,wv,,,c0elTsAucL0l00N,REAL,,WV,
total_input,50,wy,,,c0elTsAucL0l00O,REAL,,WY,
,,,,,,,,,
related_output,1,id,1,,t0elTsAucL0m,INTEGER,,Other farm-related output,
related_output,2,year,,,c0elTsAucL0m002,INTEGER,4,Year,
related_output,3,al,,,c0elTsAucL0m003,REAL,,AL,
related_output,4,ar,,,c0elTsAucL0m004,REAL,,AR,
related_output,5,az,,,c0elTsAucL0m005,REAL,,AZ,
related_output,6,ca,,,c0elTsAucL0m006,REAL,,CA,
related_output,7,co,,,c0elTsAucL0m007,REAL,,CO,
related_output,8,ct,,,c0elTsAucL0m008,REAL,,CT,
related_output,9,de,,,c0elTsAucL0m009,REAL,,DE,
related_output,10,fl,,,c0elTsAucL0m00a,REAL,,FL,
related_output,11,ga,,,c0elTsAucL0m00b,REAL,,GA,
related_output,12,ia,,,c0elTsAucL0m00c,REAL,,IA,
related_output,13,idaho,,,c0elTsAucL0m00d,REAL,,ID,
related_output,14,il,,,c0elTsAucL0m00e,REAL,,IL,
related_output,15,in,,,c0elTsAucL0m00f,REAL,,IN,
related_output,16,ks,,,c0elTsAucL0m00g,REAL,,KS,
related_output,17,ky,,,c0elTsAucL0m00h,REAL,,KY,
related_output,18,la,,,c0elTsAucL0m00i,REAL,,LA,
related_output,19,ma,,,c0elTsAucL0m00j,REAL,,MA,
related_output,20,md,,,c0elTsAucL0m00k,REAL,,MD,
related_output,21,me,,,c0elTsAucL0m00l,REAL,,ME,
related_output,22,mi,,,c0elTsAucL0m00m,REAL,,MI,
related_output,23,mn,,,c0elTsAucL0m00n,REAL,,MN,
related_output,24,mo,,,c0elTsAucL0m00o,REAL,,MO,
related_output,25,ms,,,c0elTsAucL0m00p,REAL,,MS,
related_output,26,mt,,,c0elTsAucL0m00q,REAL,,MT,
related_output,27,nc,,,c0elTsAucL0m00r,REAL,,NC,
related_output,28,nd,,,c0elTsAucL0m00s,REAL,,ND,
related_output,29,ne,,,c0elTsAucL0m00t,REAL,,NE,
related_output,30,nh,,,c0elTsAucL0m00u,REAL,,NH,
related_output,31,nj,,,c0elTsAucL0m00v,REAL,,NJ,
related_output,32,nm,,,c0elTsAucL0m00w,REAL,,NM,
related_output,33,nv,,,c0elTsAucL0m00x,REAL,,NV,
related_output,34,ny,,,c0elTsAucL0m00y,REAL,,NY,
related_output,35,oh,,,c0elTsAucL0m00z,REAL,,OH,
related_output,36,ok,,,c0elTsAucL0m00A,REAL,,OK,
related_output,37,or,,,c0elTsAucL0m00B,REAL,,OR,
related_output,38,pa,,,c0elTsAucL0m00C,REAL,,PA,
related_output,39,ri,,,c0elTsAucL0m00D,REAL,,RI,
related_output,40,sc,,,c0elTsAucL0m00E,REAL,,SC,
related_output,41,sd,,,c0elTsAucL0m00F,REAL,,SD,
related_output,42,tn,,,c0elTsAucL0m00G,REAL,,TN,
related_output,43,tx,,,c0elTsAucL0m00H,REAL,,TX,
related_output,44,ut,,,c0elTsAucL0m00I,REAL,,UT,
related_output,45,va,,,c0elTsAucL0m00J,REAL,,VA,
related_output,46,vt,,,c0elTsAucL0m00K,REAL,,VT,
related_output,47,wa,,,c0elTsAucL0m00L,REAL,,WA,
related_output,48,wi,,,c0elTsAucL0m00M,REAL,,WI,
related_output,49,wv,,,c0elTsAucL0m00N,REAL,,WV,
related_output,50,wy,,,c0elTsAucL0m00O,REAL,,WY,
,,,,,,,,,
total_output,1,id,1,,t0elTsAucL0n,INTEGER,,Total farm output by State,
total_output,2,year,,,c0elTsAucL0n002,INTEGER,4,Year,
total_output,3,al,,,c0elTsAucL0n003,REAL,,AL,
total_output,4,ar,,,c0elTsAucL0n004,REAL,,AR,
total_output,5,az,,,c0elTsAucL0n005,REAL,,AZ,
total_output,6,ca,,,c0elTsAucL0n006,REAL,,CA,
total_output,7,co,,,c0elTsAucL0n007,REAL,,CO,
total_output,8,ct,,,c0elTsAucL0n008,REAL,,CT,
total_output,9,de,,,c0elTsAucL0n009,REAL,,DE,
total_output,10,fl,,,c0elTsAucL0n00a,REAL,,FL,
total_output,11,ga,,,c0elTsAucL0n00b,REAL,,GA,
total_output,12,ia,,,c0elTsAucL0n00c,REAL,,IA,
total_output,13,idaho,,,c0elTsAucL0n00d,REAL,,ID,
total_output,14,il,,,c0elTsAucL0n00e,REAL,,IL,
total_output,15,in,,,c0elTsAucL0n00f,REAL,,IN,
total_output,16,ks,,,c0elTsAucL0n00g,REAL,,KS,
total_output,17,ky,,,c0elTsAucL0n00h,REAL,,KY,
total_output,18,la,,,c0elTsAucL0n00i,REAL,,LA,
total_output,19,ma,,,c0elTsAucL0n00j,REAL,,MA,
total_output,20,md,,,c0elTsAucL0n00k,REAL,,MD,
total_output,21,me,,,c0elTsAucL0n00l,REAL,,ME,
total_output,22,mi,,,c0elTsAucL0n00m,REAL,,MI,
total_output,23,mn,,,c0elTsAucL0n00n,REAL,,MN,
total_output,24,mo,,,c0elTsAucL0n00o,REAL,,MO,
total_output,25,ms,,,c0elTsAucL0n00p,REAL,,MS,
total_output,26,mt,,,c0elTsAucL0n00q,REAL,,MT,
total_output,27,nc,,,c0elTsAucL0n00r,REAL,,NC,
total_output,28,nd,,,c0elTsAucL0n00s,REAL,,ND,
total_output,29,ne,,,c0elTsAucL0n00t,REAL,,NE,
total_output,30,nh,,,c0elTsAucL0n00u,REAL,,NH,
total_output,31,nj,,,c0elTsAucL0n00v,REAL,,NJ,
total_output,32,nm,,,c0elTsAucL0n00w,REAL,,NM,
total_output,33,nv,,,c0elTsAucL0n00x,REAL,,NV,
total_output,34,ny,,,c0elTsAucL0n00y,REAL,,NY,
total_output,35,oh,,,c0elTsAucL0n00z,REAL,,OH,
total_output,36,ok,,,c0elTsAucL0n00A,REAL,,OK,
total_output,37,or,,,c0elTsAucL0n00B,REAL,,OR,
total_output,38,pa,,,c0elTsAucL0n00C,REAL,,PA,
total_output,39,ri,,,c0elTsAucL0n00D,REAL,,RI,
total_output,40,sc,,,c0elTsAucL0n00E,REAL,,SC,
total_output,41,sd,,,c0elTsAucL0n00F,REAL,,SD,
total_output,42,tn,,,c0elTsAucL0n00G,REAL,,TN,
total_output,43,tx,,,c0elTsAucL0n00H,REAL,,TX,
total_output,44,ut,,,c0elTsAucL0n00I,REAL,,UT,
total_output,45,va,,,c0elTsAucL0n00J,REAL,,VA,
total_output,46,vt,,,c0elTsAucL0n00K,REAL,,VT,
total_output,47,wa,,,c0elTsAucL0n00L,REAL,,WA,
total_output,48,wi,,,c0elTsAucL0n00M,REAL,,WI,
total_output,49,wv,,,c0elTsAucL0n00N,REAL,,WV,
total_output,50,wy,,,c0elTsAucL0n00O,REAL,,WY,
